Handle,Title,Body (HTML),Vendor,Product Category,Type,Tags,Published,Option1 Name,Option1 Value,Option2 Name,Option2 Value,Option3 Name,Option3 Value,Variant SKU,Variant Grams,Variant Inventory Tracker,Variant Inventory Qty,Variant Inventory Policy,Variant Fulfillment Service,Variant Price,Variant Compare At Price,Variant Requires Shipping,Variant Taxable,Variant Barcode,Image Src,Image Position,Image Alt Text,Gift Card,SEO Title,SEO Description,Variant Image,Variant Weight Unit,Variant Tax Code,Cost per item,Status
smoke-mirrors,"Smoke & Mirrors (Price Reduced!)","<p style=""white-space:pre-wrap;"" data-rte-preserve-empty=""true"">Get it while it lasts! This favorite is on sale and will go away soon!Mood: Woody. Velvety. Leathery.<ul data-rte-list=""true""><p style=""white-space:pre-wrap;"" data-rte-preserve-empty=""true"">Top Notes: Sandalwood, Leather<p style=""white-space:pre-wrap;"" data-rte-preserve-empty=""true"">Middle Notes: Papyrus, Virginia Cedar, Cardamom<p style=""white-space:pre-wrap;"" data-rte-preserve-empty=""true"">Base Notes: Violet, Iris, Amber<p style=""white-space:pre-wrap;"" data-rte-preserve-empty=""true"">Sandalwood and leather kick things off with some serious swagger, while cardamom and cedar keep it grounded and warm. Then—surprise—a soft touch of violet and iris sneaks in, all wrapped up in cozy amber. It’s got that just-right mix of bold and mellow, perfect for when you want to make an impression without trying too hard.",Whiffed Aromas,,PHYSICAL,"/fall-season, /flash-sale, /designer-inspired-collection, /wood-musk",true,Size,500ml,,,,,DC-S&M-500,0.0,shopify,1,deny,manual,74.99,124.99,true,true,,,,,false,,,,g,,,active
smoke-mirrors,,,,,,,,Size,150ml,,,,,DC-S&M-150,0.0,shopify,8,deny,manual,44.99,84.99,true,true,,,,,false,,,,g,,,active
smoke-mirrors,,,,,,,,Size,10ml,,,,,DC-S&M-10,0.0,shopify,84,deny,manual,10.99,24.99,true,true,,,,,false,,,,g,,,active
smoke-mirrors,,,,,,,,,,,,,,,,,,,,,,,,,https://images.squarespace-cdn.com/content/v1/67da0c2c5d3b414ebdd380a0/cfc9b545-7fed-46a8-9fad-d457146dcc58/smoke+%26+mirrors+scent.png,1,"Smoke & Mirrors (Price Reduced!)",,,,,,,,
smoke-mirrors,,,,,,,,,,,,,,,,,,,,,,,,,https://images.squarespace-cdn.com/content/v1/67da0c2c5d3b414ebdd380a0/b6da810f-b4eb-4fbd-8a76-e2abe8f12c77/smoke+%26+mirrors+bottle.jpeg,2,"Smoke & Mirrors (Price Reduced!)",,,,,,,,
smoke-mirrors,,,,,,,,,,,,,,,,,,,,,,,,,https://images.squarespace-cdn.com/content/v1/67da0c2c5d3b414ebdd380a0/56626f35-8160-4161-92c0-2a29358d645a/smoke+%26+mirrors.+bottle.jpeg,3,"Smoke & Mirrors (Price Reduced!)",,,,,,,,
calm-down,Calm Down,"Inspired By: Mandarin Oriental Hotel<ul data-rte-list=""true""><p style=""white-space:pre-wrap;"" data-rte-preserve-empty=""true"">Top notes: Green Bamboo, Cucumber, Turkish Rose<p style=""white-space:pre-wrap;"" data-rte-preserve-empty=""true"">Middle notes: Bergamot,Jasmine, Water Lily, Melon<p style=""white-space:pre-wrap;"" data-rte-preserve-empty=""true"">Base notes: Sandalwood, Patchouli<p style=""white-space:pre-wrap;"" data-rte-preserve-empty=""true"">Mood: Fresh. Dewy. Refined.<p style=""white-space:pre-wrap;"" data-rte-preserve-empty=""true"">Green bamboo and cucumber hit first—crisp and refreshing, like diving into a pool on a hot day. Turkish rose follows with a soft, feminine touch that’s as inviting as it is elegant. Then, bergamot, jasmine, and water lily bring a floral breeze that’s both uplifting and irresistible. The finish? Melon adds a light, juicy sweetness, while sandalwood and patchouli ground everything with a warm, earthy vibe. It’s fresh, flirty, and totally unforgettable—perfect for turning any room into a calming escape.<h4 style=""white-space:pre-wrap;"" data-rte-preserve-empty=""true"">Size Matters<p class=""preFade fadeIn"" style=""white-space:pre-wrap;"" data-rte-preserve-empty=""true"">Let us help you decide which bottle size to select based on the Whiff Maker [Diffuser] model.<ul data-rte-list=""true""><p class=""preFade fadeIn"" style=""white-space:pre-wrap;"" data-rte-preserve-empty=""true"">10ml: Perfect size for <a href=""https://www.whiffedaromas.com/machines-diffusers/p/mobile-one"">Mobile One or <a href=""https://www.whiffedaromas.com/machines-diffusers/p/mobile-two"">Mobile Two<p class=""preFade fadeIn"" style=""white-space:pre-wrap;"" data-rte-preserve-empty=""true"">150ml: Works for either <a href=""https://www.whiffedaromas.com/machines-diffusers/p/fusion-200"">Fusion 200 (200ml) or <a href=""https://www.whiffedaromas.com/machines-diffusers/p/twosome"">Twosome (100ml).<p class=""preFade fadeIn"" style=""white-space:pre-wrap;"" data-rte-preserve-empty=""true"">500ml: Fills up <a href=""https://www.whiffedaromas.com/machines-diffusers/p/fusion-500"">Fusion 500 (500ml) and <a href=""https://www.whiffedaromas.com/machines-diffusers/p/polymer-one"">Polymer One (400ml) to satisfaction, with more left for later.<p class=""preFade fadeIn"" style=""white-space:pre-wrap;"" data-rte-preserve-empty=""true"">View a complete list of all machines <a href=""https://www.whiffedaromas.com/machines-by-space-size"">her<a href=""https://hibiscus-hen-gl8a.squarespace.com/machines-by-space-size"">e.",Whiffed Aromas,,PHYSICAL,"/hotels-and-resorts-collection, /floral",true,Size,500ml,,,,,HC-CD-500,0.0,, ,deny,manual,94.99,124.99,true,true,,,,,false,,,,g,,,active
calm-down,,,,,,,,Size,150ml,,,,,HC-CD-150,0.0,, ,deny,manual,64.99,84.99,true,true,,,,,false,,,,g,,,active
calm-down,,,,,,,,Size,100ml,,,,,HC-CD-100,0.0,, ,deny,manual,54.99,74.99,true,true,,,,,false,,,,g,,,active
calm-down,,,,,,,,Size,10ml,,,,,HC-CD-10,0.0,, ,deny,manual,14.99,24.99,true,true,,,,,false,,,,g,,,active
calm-down,,,,,,,,,,,,,,,,,,,,,,,,,https://images.squarespace-cdn.com/content/v1/67da0c2c5d3b414ebdd380a0/2931efbb-9a4b-4ab2-97d5-2a1a4490c38f/calm+down+scent.png,1,Calm Down,,,,,,,,
calm-down,,,,,,,,,,,,,,,,,,,,,,,,,https://images.squarespace-cdn.com/content/v1/67da0c2c5d3b414ebdd380a0/51b87d7e-90c6-468b-9290-1951b231acfc/calm+down+bottle.jpeg,2,Calm Down,,,,,,,,
zest-the-city,"Zest & The City","Inspired By: 24k Magic<ul data-rte-list=""true""><p class=""preFade fadeIn"" style=""white-space:pre-wrap;"" data-rte-preserve-empty=""true"">Top Notes: Bergamot, Lemon, Lemongrass<p class=""preFade fadeIn"" style=""white-space:pre-wrap;"" data-rte-preserve-empty=""true"">Mid Notes: Magnolia, Jasmine, Lily <p class=""preFade fadeIn"" style=""white-space:pre-wrap;"" data-rte-preserve-empty=""true"">Base Notes: Koa Wood, Musk<p class=""preFade fadeIn"" style=""white-space:pre-wrap;"" data-rte-preserve-empty=""true"">Bergamot, lemon, and lemongrass burst in like a fresh breeze—bright, zesty, and instantly uplifting. But just when you think it’s all light and airy, magnolia, jasmine, and lily enter the scene, adding a floral richness that’s as bold as it is beautiful. The finish? Koa wood and musk make their entrance, grounding everything with a soft, sensual warmth that sticks around just long enough to make an impression. It’s the scent you wear when you want to feel like sunshine with a side of mystery.<p class=""preFade fadeIn"" style=""white-space:pre-wrap;"" data-rte-preserve-empty=""true"">Mood: Bright. Polished. Refined<h4 style=""white-space:pre-wrap;"" data-rte-preserve-empty=""true"">Size Matters<p class=""preFade fadeIn"" style=""white-space:pre-wrap;"" data-rte-preserve-empty=""true"">Let us help you decide which bottle size to select based on the Whiff Maker [Diffuser] model.<ul data-rte-list=""true""><p class=""preFade fadeIn"" style=""white-space:pre-wrap;"" data-rte-preserve-empty=""true"">10ml: Perfect size for <a href=""https://www.whiffedaromas.com/machines-diffusers/p/mobile-one"">Mobile One or <a href=""https://www.whiffedaromas.com/machines-diffusers/p/mobile-two"">Mobile Two<p class=""preFade fadeIn"" style=""white-space:pre-wrap;"" data-rte-preserve-empty=""true"">150ml: Works for either <a href=""https://www.whiffedaromas.com/machines-diffusers/p/fusion-200"">Fusion 200 (200ml) or <a href=""https://www.whiffedaromas.com/machines-diffusers/p/twosome"">Twosome (100ml).<p class=""preFade fadeIn"" style=""white-space:pre-wrap;"" data-rte-preserve-empty=""true"">500ml: Fills up <a href=""https://www.whiffedaromas.com/machines-diffusers/p/fusion-500"">Fusion 500 (500ml) and <a href=""https://www.whiffedaromas.com/machines-diffusers/p/polymer-one"">Polymer One (400ml) to satisfaction, with more left for later.<p class=""preFade fadeIn"" style=""white-space:pre-wrap;"" data-rte-preserve-empty=""true"">View a complete list of all machines <a href=""https://www.whiffedaromas.com/machines-by-space-size"">her<a href=""https://hibiscus-hen-gl8a.squarespace.com/machines-by-space-size"">e.",Whiffed Aromas,,PHYSICAL,"/hotels-and-resorts-collection, /flash-sale, /floral",true,Size,500ml,,,,,HC-Z&C-500,0.0,, ,deny,manual,74.99,124.99,true,true,,,,,false,,,,g,,,active
zest-the-city,,,,,,,,Size,150ml,,,,,HC-Z&C-150,0.0,, ,deny,manual,54.99,84.99,true,true,,,,,false,,,,g,,,active
zest-the-city,,,,,,,,Size,100ml,,,,,HC-Z&C-100,0.0,, ,deny,manual,44.99,74.99,true,true,,,,,false,,,,g,,,active
zest-the-city,,,,,,,,Size,10ml,,,,,HC-Z&C-10,0.0,, ,deny,manual,10.99,24.99,true,true,,,,,false,,,,g,,,active
zest-the-city,,,,,,,,,,,,,,,,,,,,,,,,,https://images.squarespace-cdn.com/content/v1/67da0c2c5d3b414ebdd380a0/5ff930a8-8881-41d1-9d78-373180188e79/zest+%26+the+city.png,1,"Zest & The City",,,,,,,,
zest-the-city,,,,,,,,,,,,,,,,,,,,,,,,,https://images.squarespace-cdn.com/content/v1/67da0c2c5d3b414ebdd380a0/fbf00afb-a4c0-4a01-8dde-2f1d4e126a03/zest+%26+the+city+bottle.jpeg,2,"Zest & The City",,,,,,,,
peach-tease,Peach Tease,"Inspired By: E11even Hotel Miami<ul data-rte-list=""true""><p style=""white-space:pre-wrap;"" data-rte-preserve-empty=""true"">Top Notes: White Peach, Bergamot, Lilac<p style=""white-space:pre-wrap;"" data-rte-preserve-empty=""true"">Middle Notes: Ylang Ylang, Calone, Cyclamen<p style=""white-space:pre-wrap;"" data-rte-preserve-empty=""true"">Base Notes: Musk, Sandalwood, Vanilla Bean, Patchouli<p style=""white-space:pre-wrap;"" data-rte-preserve-empty=""true"">White peach, bergamot, and lilac burst in like a juicy summer day—light, fresh, and irresistibly sweet. But don’t be fooled—ylang ylang, calone, and cyclamen keep things intriguing, adding a touch of mystery beneath all that brightness. As it settles, musk, sandalwood, vanilla bean, and patchouli wrap everything up in a smooth, sensual embrace that lingers just a little too long. It’s the scent that says, “I’m sweet, but I’ve got layers.”<p style=""white-space:pre-wrap;"" data-rte-preserve-empty=""true"">Mood: Soft. Creamy. Polished.<h4 style=""white-space:pre-wrap;"" data-rte-preserve-empty=""true"">Size Matters<p style=""white-space:pre-wrap;"" data-rte-preserve-empty=""true"">Let us help you decide which bottle size to select based on the Whiff Maker [Diffuser] model.<ul data-rte-list=""true""><p class=""preFade fadeIn"" style=""white-space:pre-wrap;"" data-rte-preserve-empty=""true"">10ml: Perfect size for <a href=""/machines-diffusers/p/mobile-one"">Mobile One or <a href=""/machines-diffusers/p/mobile-two"">Mobile Two<p class=""preFade fadeIn"" style=""white-space:pre-wrap;"" data-rte-preserve-empty=""true"">150ml: Works for either <a href=""/machines-diffusers/p/fusion-200"">Fusion 200 (200ml) or <a href=""/machines-diffusers/p/twosome"">Twosome (100ml).<p class=""preFade fadeIn"" style=""white-space:pre-wrap;"" data-rte-preserve-empty=""true"">500ml: Fills up <a href=""/machines-diffusers/p/fusion-500"">Fusion 500 (500ml) and <a href=""/machines-diffusers/p/polymer-one"">Polymer One (400ml) to satisfaction, with more left for later.<p class=""preFade fadeIn"" style=""white-space:pre-wrap;"" data-rte-preserve-empty=""true"">View a complete list of all machines <a href=""/machines-by-space-size"">her<a href=""https://hibiscus-hen-gl8a.squarespace.com/machines-by-space-size"">e.",Whiffed Aromas,,PHYSICAL,"/hotels-and-resorts-collection, /flash-sale, /floral",true,Size,500ml,,,,,HC-PT-500,0.0,, ,deny,manual,74.99,124.99,true,true,,,,,false,,,,g,,,active
peach-tease,,,,,,,,Size,150ml,,,,,HC-PT-150,0.0,, ,deny,manual,54.99,84.99,true,true,,,,,false,,,,g,,,active
peach-tease,,,,,,,,Size,100ml,,,,,HC-PT-100,0.0,, ,deny,manual,44.99,74.99,true,true,,,,,false,,,,g,,,active
peach-tease,,,,,,,,Size,10ml,,,,,HC-PT-10,0.0,, ,deny,manual,10.99,24.99,true,true,,,,,false,,,,g,,,active
peach-tease,,,,,,,,,,,,,,,,,,,,,,,,,https://images.squarespace-cdn.com/content/v1/67da0c2c5d3b414ebdd380a0/d687eb37-c42b-4b06-9e6a-09c784365601/peach+tease+scent.png,1,Peach Tease,,,,,,,,
peach-tease,,,,,,,,,,,,,,,,,,,,,,,,,https://images.squarespace-cdn.com/content/v1/67da0c2c5d3b414ebdd380a0/15681679-26a6-4a55-a665-10c4d789261e/peach+tease+bottle.jpeg,2,Peach Tease,,,,,,,,
naughty-nice,"Naughty & Nice","Inspired By: 1 Hotel South Beach, Miami<ul data-rte-list=""true""><p style=""white-space:pre-wrap;"" data-rte-preserve-empty=""true"">Top Notes: Cardamom, Leather, Lemon<p style=""white-space:pre-wrap;"" data-rte-preserve-empty=""true"">Middle Notes: Cinnamon, Oud Wood, Sandalwood<p style=""white-space:pre-wrap;"" data-rte-preserve-empty=""true"">Base Notes: Amber, Musk, Vetiver<p style=""white-space:pre-wrap;"" data-rte-preserve-empty=""true"">Cardamom, leather, and lemon kick things off like a fiery first impression—bright, bold, and not taking any prisoners. Then, cinnamon, oud wood, and sandalwood slide in, giving the whole thing an exotic, ""I dare you to keep up"" kind of vibe. But the best part? Amber, musk, and vetiver finish it off with a smooth, earthy depth that hangs around long after you’ve left the room. It’s the scent that says, “I’m here to steal the spotlight—and I’ll make it look effortless.”<p style=""white-space:pre-wrap;"" data-rte-preserve-empty=""true"">Mood: Crisp. Warm. Controlled.<h4 style=""white-space:pre-wrap;"" data-rte-preserve-empty=""true"">Size Matters<p class=""preFade fadeIn"" style=""white-space:pre-wrap;"" data-rte-preserve-empty=""true"">Let us help you decide which bottle size to select based on the Whiff Maker [Diffuser] model.<ul data-rte-list=""true""><p class=""preFade fadeIn"" style=""white-space:pre-wrap;"" data-rte-preserve-empty=""true"">10ml: Perfect size for <a href=""https://www.whiffedaromas.com/machines-diffusers/p/mobile-one"">Mobile One or <a href=""https://www.whiffedaromas.com/machines-diffusers/p/mobile-two"">Mobile Two<p class=""preFade fadeIn"" style=""white-space:pre-wrap;"" data-rte-preserve-empty=""true"">150ml: Works for either <a href=""https://www.whiffedaromas.com/machines-diffusers/p/fusion-200"">Fusion 200 (200ml) or <a href=""https://www.whiffedaromas.com/machines-diffusers/p/twosome"">Twosome (100ml).<p class=""preFade fadeIn"" style=""white-space:pre-wrap;"" data-rte-preserve-empty=""true"">500ml: Fills up <a href=""https://www.whiffedaromas.com/machines-diffusers/p/fusion-500"">Fusion 500 (500ml) and <a href=""https://www.whiffedaromas.com/machines-diffusers/p/polymer-one"">Polymer One (400ml) to satisfaction, with more left for later.<p class=""preFade fadeIn"" style=""white-space:pre-wrap;"" data-rte-preserve-empty=""true"">View a complete list of all machines <a href=""https://www.whiffedaromas.com/machines-by-space-size"">her<a href=""https://hibiscus-hen-gl8a.squarespace.com/machines-by-space-size"">e.",Whiffed Aromas,,PHYSICAL,"/hotels-and-resorts-collection, /wood-musk",true,Size,500ml,,,,,HC-N&N-500,0.0,, ,deny,manual,94.99,124.99,true,true,,,,,false,,,,g,,,active
naughty-nice,,,,,,,,Size,150ml,,,,,HC-N&N-150,0.0,, ,deny,manual,64.99,84.99,true,true,,,,,false,,,,g,,,active
naughty-nice,,,,,,,,Size,100ml,,,,,HC-N&N-100,0.0,, ,deny,manual,54.99,74.99,true,true,,,,,false,,,,g,,,active
naughty-nice,,,,,,,,Size,10ml,,,,,HC-N&N-10,0.0,, ,deny,manual,14.99,24.99,true,true,,,,,false,,,,g,,,active
naughty-nice,,,,,,,,,,,,,,,,,,,,,,,,,https://images.squarespace-cdn.com/content/v1/67da0c2c5d3b414ebdd380a0/872be891-97e7-4a72-931b-dd93cd352b23/naughty+%26+nice+scent.png,1,"Naughty & Nice",,,,,,,,
naughty-nice,,,,,,,,,,,,,,,,,,,,,,,,,https://images.squarespace-cdn.com/content/v1/67da0c2c5d3b414ebdd380a0/b0c184af-6577-44d3-a266-0752e3382851/naughty+%26+nice+bottle.jpeg,2,"Naughty & Nice",,,,,,,,
wet-bar,Wet Bar,"Inspired By: Four Season Hotel, Milano <ul data-rte-list=""true""><p class=""preFade fadeIn"" style=""white-space:pre-wrap;"" data-rte-preserve-empty=""true"">Top Notes: Geranium, Sea Salt, Grapefruit<p class=""preFade fadeIn"" style=""white-space:pre-wrap;"" data-rte-preserve-empty=""true"">Middle Notes: Sage, Seaweed<p class=""preFade fadeIn"" style=""white-space:pre-wrap;"" data-rte-preserve-empty=""true"">Base Notes: Grapefruit, Cedar, Lily<p class=""preFade fadeIn"" style=""white-space:pre-wrap;"" data-rte-preserve-empty=""true"">Mood: Brisk. Aquatic. Refined.<p class=""preFade fadeIn"" style=""white-space:pre-wrap;"" data-rte-preserve-empty=""true"">Geranium, sea salt, and grapefruit burst in like a coastal breeze—fresh, vibrant, and totally energizing. Sage and seaweed flow in next, giving off that earthy, “I just came from the ocean” vibe. And as it settles, a smooth blend of grapefruit, cedar, and lily takes over, adding a touch of warmth and depth that keeps things interesting. It’s like stepping into a sun-drenched afternoon by the sea—fresh, free, and ready to turn heads.<h4 style=""white-space:pre-wrap;"" data-rte-preserve-empty=""true"">Size Matters<p class=""preFade fadeIn"" style=""white-space:pre-wrap;"" data-rte-preserve-empty=""true"">Let us help you decide which bottle size to select based on the Whiff Maker [Diffuser] model.<ul data-rte-list=""true""><p class=""preFade fadeIn"" style=""white-space:pre-wrap;"" data-rte-preserve-empty=""true"">10ml: Perfect size for <a href=""https://www.whiffedaromas.com/machines-diffusers/p/mobile-one"">Mobile One or <a href=""https://www.whiffedaromas.com/machines-diffusers/p/mobile-two"">Mobile Two<p class=""preFade fadeIn"" style=""white-space:pre-wrap;"" data-rte-preserve-empty=""true"">150ml: Works for either <a href=""https://www.whiffedaromas.com/machines-diffusers/p/fusion-200"">Fusion 200 (200ml) or <a href=""https://www.whiffedaromas.com/machines-diffusers/p/twosome"">Twosome (100ml).<p class=""preFade fadeIn"" style=""white-space:pre-wrap;"" data-rte-preserve-empty=""true"">500ml: Fills up <a href=""https://www.whiffedaromas.com/machines-diffusers/p/fusion-500"">Fusion 500 (500ml) and <a href=""https://www.whiffedaromas.com/machines-diffusers/p/polymer-one"">Polymer One (400ml) to satisfaction, with more left for later.<p class=""preFade fadeIn"" style=""white-space:pre-wrap;"" data-rte-preserve-empty=""true"">View a complete list of all machines <a href=""https://www.whiffedaromas.com/machines-by-space-size"">her<a href=""https://hibiscus-hen-gl8a.squarespace.com/machines-by-space-size"">e.",Whiffed Aromas,,PHYSICAL,"/hotels-and-resorts-collection, /flash-sale, /fruit-ish",true,Size,500ml,,,,,HC-WB-500,0.0,, ,deny,manual,74.99,124.99,true,true,,,,,false,,,,g,,,active
wet-bar,,,,,,,,Size,150ml,,,,,HC-WB-150,0.0,, ,deny,manual,54.99,84.99,true,true,,,,,false,,,,g,,,active
wet-bar,,,,,,,,Size,100ml,,,,,HC-WB-100,0.0,, ,deny,manual,44.99,74.99,true,true,,,,,false,,,,g,,,active
wet-bar,,,,,,,,Size,10ml,,,,,HC-WB-10,0.0,, ,deny,manual,10.99,24.99,true,true,,,,,false,,,,g,,,active
wet-bar,,,,,,,,,,,,,,,,,,,,,,,,,https://images.squarespace-cdn.com/content/v1/67da0c2c5d3b414ebdd380a0/29d49fc3-62a2-4b22-a389-381240e30e30/wet+bar+scent.png,1,Wet Bar,,,,,,,,
wet-bar,,,,,,,,,,,,,,,,,,,,,,,,,https://images.squarespace-cdn.com/content/v1/67da0c2c5d3b414ebdd380a0/1db30ef5-eeb1-45c5-bd3d-26f052660b30/wet+bar+bottle.jpeg,2,Wet Bar,,,,,,,,
minted-in-manhattan,Minted in Manhattan,"Inspired By: The Equinox Hotel, New York<ul data-rte-list=""true""><p class=""preFade fadeIn"" style=""white-space:pre-wrap;"" data-rte-preserve-empty=""true"">Top Notes: Eucalyptus, Lemon, Cornmint, Citron<p class=""preFade fadeIn"" style=""white-space:pre-wrap;"" data-rte-preserve-empty=""true"">Middle Notes: Rose Oxide, Cyclamen, Lilac, Lavender<p class=""preFade fadeIn"" style=""white-space:pre-wrap;"" data-rte-preserve-empty=""true"">Base Notes: Nutmeg, Sandalwood, Musk<p class=""preFade fadeIn"" style=""white-space:pre-wrap;"" data-rte-preserve-empty=""true"">A blast of eucalyptus, lemon, and mint snaps your space to attention—sharp, fresh, and seriously addictive. Then, just when you think it’s all business, lavender, lilac, and cyclamen glide in, softening the edges like a wink across the room. The finish? A sultry swirl of nutmeg, sandalwood, and musk that lingers just long enough to keep ‘em guessing. Perfect for turning any room from meh to damn—no effort required.<p class=""preFade fadeIn"" style=""white-space:pre-wrap;"" data-rte-preserve-empty=""true"">Mood: Cool. Airy. Composed.<h4 style=""white-space:pre-wrap;"" data-rte-preserve-empty=""true"">Size Matters<p class=""preFade fadeIn"" style=""white-space:pre-wrap;"" data-rte-preserve-empty=""true"">Let us help you decide which bottle size to select based on the Whiff Maker [Diffuser] model.<ul data-rte-list=""true""><p class=""preFade fadeIn"" style=""white-space:pre-wrap;"" data-rte-preserve-empty=""true"">10ml: Perfect size for <a href=""https://www.whiffedaromas.com/machines-diffusers/p/mobile-one"">Mobile One or <a href=""https://www.whiffedaromas.com/machines-diffusers/p/mobile-two"">Mobile Two<p class=""preFade fadeIn"" style=""white-space:pre-wrap;"" data-rte-preserve-empty=""true"">150ml: Works for either <a href=""https://www.whiffedaromas.com/machines-diffusers/p/fusion-200"">Fusion 200 (200ml) or <a href=""https://www.whiffedaromas.com/machines-diffusers/p/twosome"">Twosome (100ml).<p class=""preFade fadeIn"" style=""white-space:pre-wrap;"" data-rte-preserve-empty=""true"">500ml: Fills up <a href=""https://www.whiffedaromas.com/machines-diffusers/p/fusion-500"">Fusion 500 (500ml) and <a href=""https://www.whiffedaromas.com/machines-diffusers/p/polymer-one"">Polymer One (400ml) to satisfaction, with more left for later.<p class=""preFade fadeIn"" style=""white-space:pre-wrap;"" data-rte-preserve-empty=""true"">View a complete list of all machines <a href=""https://www.whiffedaromas.com/machines-by-space-size"">her<a href=""https://hibiscus-hen-gl8a.squarespace.com/machines-by-space-size"">e.",Whiffed Aromas,,PHYSICAL,"/hotels-and-resorts-collection, /floral",true,Size,500ml,,,,,HC-MIM-500,0.0,, ,deny,manual,94.99,124.99,true,true,,,,,false,,,,g,,,active
minted-in-manhattan,,,,,,,,Size,150ml,,,,,HC-MIM-150,0.0,, ,deny,manual,64.99,84.99,true,true,,,,,false,,,,g,,,active
minted-in-manhattan,,,,,,,,Size,100ml,,,,,HC-MIM-100,0.0,, ,deny,manual,54.99,74.99,true,true,,,,,false,,,,g,,,active
minted-in-manhattan,,,,,,,,Size,10ml,,,,,HC-MIM-10,0.0,, ,deny,manual,14.99,24.99,true,true,,,,,false,,,,g,,,active
minted-in-manhattan,,,,,,,,,,,,,,,,,,,,,,,,,https://images.squarespace-cdn.com/content/v1/67da0c2c5d3b414ebdd380a0/f02ec84d-8735-42c9-a434-90b2b2ba9a5e/minted+in+manhattan+scent.png,1,Minted in Manhattan,,,,,,,,
minted-in-manhattan,,,,,,,,,,,,,,,,,,,,,,,,,https://images.squarespace-cdn.com/content/v1/67da0c2c5d3b414ebdd380a0/ea8ccaa0-c4bc-47c9-a1da-f605d87708b0/minted+in+manhattan+bottle.jpeg,2,Minted in Manhattan,,,,,,,,
tea-temptation,"Tea & Temptation","Inspired By: Westin Hotels<ul data-rte-list=""true""><p class=""preFade fadeIn"" style=""white-space:pre-wrap;"" data-rte-preserve-empty=""true"">Top Notes: Silver Needle Point Tea, Frosted Bergamot, White Tea Blooms<p class=""preFade fadeIn"" style=""white-space:pre-wrap;"" data-rte-preserve-empty=""true"">Middle Notes: Ginger Lily, White Tea Leave Petals, Pekoe Tea<p class=""preFade fadeIn"" style=""white-space:pre-wrap;"" data-rte-preserve-empty=""true"">Base Notes: Mate Musk, Mahogany Wood, Teakwood<p class=""preFade fadeIn"" style=""white-space:pre-wrap;"" data-rte-preserve-empty=""true"">This scent brings tea time to a whole new level—silver needle and frosted bergamot perk up your space like a crisp breeze through an open window. Ginger lily and white tea petals swirl in with a soft, sexy hush, while mahogany and teakwood sneak in underneath, making everything feel a little more luxe (and a lot more irresistible). Perfect for when you want your place to say, “I’m chill... but I’ve got depth.”<p class=""preFade fadeIn"" style=""white-space:pre-wrap;"" data-rte-preserve-empty=""true"">Mood: Fresh. Subtle. Refined.<h4 style=""white-space:pre-wrap;"" data-rte-preserve-empty=""true"">Size Matters<p class=""preFade fadeIn"" style=""white-space:pre-wrap;"" data-rte-preserve-empty=""true"">Let us help you decide which bottle size to select based on the Whiff Maker [Diffuser] model.<ul data-rte-list=""true""><p class=""preFade fadeIn"" style=""white-space:pre-wrap;"" data-rte-preserve-empty=""true"">10ml: Perfect size for <a href=""https://www.whiffedaromas.com/machines-diffusers/p/mobile-one"">Mobile One or <a href=""https://www.whiffedaromas.com/machines-diffusers/p/mobile-two"">Mobile Two<p class=""preFade fadeIn"" style=""white-space:pre-wrap;"" data-rte-preserve-empty=""true"">150ml: Works for either <a href=""https://www.whiffedaromas.com/machines-diffusers/p/fusion-200"">Fusion 200 (200ml) or <a href=""https://www.whiffedaromas.com/machines-diffusers/p/twosome"">Twosome (100ml).<p class=""preFade fadeIn"" style=""white-space:pre-wrap;"" data-rte-preserve-empty=""true"">500ml: Fills up <a href=""https://www.whiffedaromas.com/machines-diffusers/p/fusion-500"">Fusion 500 (500ml) and <a href=""https://www.whiffedaromas.com/machines-diffusers/p/polymer-one"">Polymer One (400ml) to satisfaction, with more left for later.<p class=""preFade fadeIn"" style=""white-space:pre-wrap;"" data-rte-preserve-empty=""true"">View a complete list of all machines <a href=""https://www.whiffedaromas.com/machines-by-space-size"">her<a href=""https://hibiscus-hen-gl8a.squarespace.com/machines-by-space-size"">e.",Whiffed Aromas,,PHYSICAL,"/hotels-and-resorts-collection, /floral",true,Size,500ml,,,,,HC-T&T-500,0.0,, ,deny,manual,94.99,124.99,true,true,,,,,false,,,,g,,,active
tea-temptation,,,,,,,,Size,150ml,,,,,HC-T&T-150,0.0,, ,deny,manual,64.99,84.99,true,true,,,,,false,,,,g,,,active
tea-temptation,,,,,,,,Size,100ml,,,,,HC-T&T-100,0.0,, ,deny,manual,54.99,74.99,true,true,,,,,false,,,,g,,,active
tea-temptation,,,,,,,,Size,10ml,,,,,HC-T&T-10,0.0,, ,deny,manual,14.99,24.99,true,true,,,,,false,,,,g,,,active
tea-temptation,,,,,,,,,,,,,,,,,,,,,,,,,https://images.squarespace-cdn.com/content/v1/67da0c2c5d3b414ebdd380a0/c298587e-f9fc-417e-91f2-a450991ae0be/tea+%26+temptation+scent.png,1,"Tea & Temptation",,,,,,,,
tea-temptation,,,,,,,,,,,,,,,,,,,,,,,,,https://images.squarespace-cdn.com/content/v1/67da0c2c5d3b414ebdd380a0/deac7590-552a-4484-bece-43ede4549373/team+%26+temptation+bottle.jpeg,2,"Tea & Temptation",,,,,,,,
mystic-nights,Mystic Nights,"Inspired By: Fairmont Hotels<ul data-rte-list=""true""><p class=""preFade fadeIn"" style=""white-space:pre-wrap;"" data-rte-preserve-empty=""true"">Top Notes: Oud Wood, Caraway, Cumin<p class=""preFade fadeIn"" style=""white-space:pre-wrap;"" data-rte-preserve-empty=""true"">Middle Notes: Rose, Vetiver, Sweet Praline<p class=""preFade fadeIn"" style=""white-space:pre-wrap;"" data-rte-preserve-empty=""true"">Base Notes: Musk, Frankincense, Agarwood<p class=""preFade fadeIn"" style=""white-space:pre-wrap;"" data-rte-preserve-empty=""true"">Oud wood, caraway, and cumin hit you first—rich, smoky, and a little mysterious, like a secret whispered from across the room. Then, rose and vetiver make their entrance, softening the edges with a touch of sweetness and earthy depth. But the real magic happens when sweet praline, musk, frankincense, and agarwood slide in, creating an intoxicating, luxurious finish that lingers like an unforgettable night. It’s the scent that says, “I’ve got secrets... and you’re about to want to know them.”<p class=""preFade fadeIn"" style=""white-space:pre-wrap;"" data-rte-preserve-empty=""true"">Mood: Bold. Smooth. Composed.<h4 style=""white-space:pre-wrap;"" data-rte-preserve-empty=""true"">Size Matters<p class=""preFade fadeIn"" style=""white-space:pre-wrap;"" data-rte-preserve-empty=""true"">Let us help you decide which bottle size to select based on the Whiff Maker [Diffuser] model.<ul data-rte-list=""true""><p class=""preFade fadeIn"" style=""white-space:pre-wrap;"" data-rte-preserve-empty=""true"">10ml: Perfect size for <a href=""https://www.whiffedaromas.com/machines-diffusers/p/mobile-one"">Mobile One or <a href=""https://www.whiffedaromas.com/machines-diffusers/p/mobile-two"">Mobile Two<p class=""preFade fadeIn"" style=""white-space:pre-wrap;"" data-rte-preserve-empty=""true"">150ml: Works for either <a href=""https://www.whiffedaromas.com/machines-diffusers/p/fusion-200"">Fusion 200 (200ml) or <a href=""https://www.whiffedaromas.com/machines-diffusers/p/twosome"">Twosome (100ml).<p class=""preFade fadeIn"" style=""white-space:pre-wrap;"" data-rte-preserve-empty=""true"">500ml: Fills up <a href=""https://www.whiffedaromas.com/machines-diffusers/p/fusion-500"">Fusion 500 (500ml) and <a href=""https://www.whiffedaromas.com/machines-diffusers/p/polymer-one"">Polymer One (400ml) to satisfaction, with more left for later.<p class=""preFade fadeIn"" style=""white-space:pre-wrap;"" data-rte-preserve-empty=""true"">View a complete list of all machines <a href=""https://www.whiffedaromas.com/machines-by-space-size"">her<a href=""https://hibiscus-hen-gl8a.squarespace.com/machines-by-space-size"">e.",Whiffed Aromas,,PHYSICAL,"/hotels-and-resorts-collection, /wood-musk",true,Size,500ml,,,,,HC-MNS-500,0.0,, ,deny,manual,94.99,124.99,true,true,,,,,false,,,,g,,,active
mystic-nights,,,,,,,,Size,150ml,,,,,HC-MNS-150,0.0,, ,deny,manual,64.99,84.99,true,true,,,,,false,,,,g,,,active
mystic-nights,,,,,,,,Size,100ml,,,,,HC-MNS-100,0.0,, ,deny,manual,54.99,74.99,true,true,,,,,false,,,,g,,,active
mystic-nights,,,,,,,,Size,10ml,,,,,HC-MNS-10,0.0,, ,deny,manual,14.99,24.99,true,true,,,,,false,,,,g,,,active
mystic-nights,,,,,,,,,,,,,,,,,,,,,,,,,https://images.squarespace-cdn.com/content/v1/67da0c2c5d3b414ebdd380a0/d58d7e67-d32b-447e-9301-991189a665e2/mystic+nights+scent.png,1,Mystic Nights,,,,,,,,
mystic-nights,,,,,,,,,,,,,,,,,,,,,,,,,https://images.squarespace-cdn.com/content/v1/67da0c2c5d3b414ebdd380a0/b9617545-d412-4e96-b974-53276c398041/mystic+nights+bottle.jpeg,2,Mystic Nights,,,,,,,,
citrus-seduction,Citrus Seduction,"Inspired By: The Edition Hotels<ul data-rte-list=""true""><p class=""preFade fadeIn"" style=""white-space:pre-wrap;"" data-rte-preserve-empty=""true"">Top Notes: Lemon, Bergamot, Black Fig<p class=""preFade fadeIn"" style=""white-space:pre-wrap;"" data-rte-preserve-empty=""true"">Middle Notes: Freesia, Rose, Cedarwood<p class=""preFade fadeIn"" style=""white-space:pre-wrap;"" data-rte-preserve-empty=""true"">Base Notes: Amber, Musk, Blonde Woods<p class=""preFade fadeIn"" style=""white-space:pre-wrap;"" data-rte-preserve-empty=""true"">Lemon, bergamot, and black fig pop first—zesty, fresh, and just a bit unexpected, like an adventure waiting to happen. As it settles, freesia and rose add a soft, floral elegance, while cedarwood brings in a grounded, woody warmth. Amber, musk, and blonde woods finish everything off with a smooth, sensual depth that lingers just long enough to leave a lasting impression. It’s the scent that ...(truncated 124498 characters)...0c2c5d3b414ebdd380a0/00bd10a5-c5bb-4a2f-9462-90746598379d/IMG_2931+2.jpg https://images.squarespace-cdn.com/content/v1/67da0c2c5d3b414ebdd380a0/bb361d89-fe86-49a5-aeb0-cd38e6c42ac9/Fusion+200.jpg",Whiffed Aromas,,PHYSICAL,,true,Color,White,Scent Collection,Gilded Exotics,,,BDL-F200W-GE,0.0,shopify,5,deny,manual,528.98,768.99,true,true,,,,,false,,,,g,,,active
citrus-seduction,,,,,,,,Color,White,Scent Collection,Designer,,,BDL-F200W-DSN,0.0,shopify,10,deny,manual,528.98,768.99,true,true,,,,,false,,,,g,,,active
citrus-seduction,,,,,,,,Color,Black,Scent Collection,Hotel,,,BDL-F200B-HTL,0.0,shopify,10,deny,manual,528.98,768.99,true,true,,,,,false,,,,g,,,active
citrus-seduction,,,,,,,,Color,Black,Scent Collection,Gilded Exotics,,,BDL-F200B-GE,0.0,shopify,5,deny,manual,528.98,768.99,true,true,,,,,false,,,,g,,,active
citrus-seduction,,,,,,,,Color,Black,Scent Collection,Designer,,,BDL-F200B-GSN,0.0,shopify,10,deny,manual,528.98,768.99,true,true,,,,,false,,,,g,,,active
citrus-seduction,,,,,,,,,,,,,,,,,,,,,,,,,https://images.squarespace-cdn.com/content/v1/67da0c2c5d3b414ebdd380a0/00bd10a5-c5bb-4a2f-9462-90746598379d/IMG_2931+2.jpg,1,Citrus Seduction,,,,,,,,
citrus-seduction,,,,,,,,,,,,,,,,,,,,,,,,,https://images.squarespace-cdn.com/content/v1/67da0c2c5d3b414ebdd380a0/bb361d89-fe86-49a5-aeb0-cd38e6c42ac9/Fusion+200.jpg,2,Citrus Seduction,,,,,,,,
polymer-one-bundle,"[Machine & Oils] Polymer One & Top Two Scent Bundle","<h4 style=""white-space:pre-wrap;"" data-rte-preserve-empty=""true"">Black Friday Warmup: Beat the rush! Get up to 30%+ an extra 15% off automatically at checkout.<ul data-rte-list=""true""><p style=""white-space:pre-wrap;"" data-rte-preserve-empty=""true"">Comes with two, 150ml bottles, of our most popular <a href=""/substances-oils/hotels-and-resorts-collection"">Hotel & Resorts, <a href=""/substances-oils/gilded-exotics-collection"">Gilded Exotics, or <a href=""/substances-oils/designer-inspired-collection"">Designer collection scents.<p style=""white-space:pre-wrap;"" data-rte-preserve-empty=""true"">App and onboard controls.<p class=""preFade fadeIn"" style=""white-space:pre-wrap;"" data-rte-preserve-empty=""true"">1,500–2,000 sq.ft scenting coverage.<p style=""white-space:pre-wrap;"" data-rte-preserve-empty=""true"">Polymer One — up high, out of sight, all the scent.

Wall-hugging or shelf-sitting, this diffuser does both — with elegant confidence. A 400ml oil chamber and waterless diffusion deliver bold, undiluted fragrance that lingers like a whispered compliment.<p style=""white-space:pre-wrap;"" data-rte-preserve-empty=""true"">Whether you’re scenting a boutique, a large space, or an entryway that deserves a little drama, this diffuser makes it effortless and elevated.",Whiffed Aromas,,PHYSICAL,/machine-and-oils,true,Color,White,Scent Collection,Hotel,,,BDL-PLYW-HTL,0.0,shopify,20,deny,manual,269.99,379.97,true,true,,,,,false,,,,g,,,active
polymer-one-bundle,,,,,,,,Color,White,Scent Collection,Gilded Exotics,,,BDL-PLYW-GE,0.0,shopify,10,deny,manual,269.99,379.97,true,true,,,,,false,,,,g,,,active
polymer-one-bundle,,,,,,,,Color,White,Scent Collection,Designer,,,BDL-PLYW-DSN,0.0,shopify,20,deny,manual,269.99,379.97,true,true,,,,,false,,,,g,,,active
polymer-one-bundle,,,,,,,,Color,Black,Scent Collection,Hotel,,,BDL-PLYB-HTL,0.0,shopify,20,deny,manual,269.99,379.97,true,true,,,,,false,,,,g,,,active
polymer-one-bundle,,,,,,,,Color,Black,Scent Collection,Gilded Exotics,,,BDL-PLYB-GE,0.0,shopify,10,deny,manual,269.99,379.97,true,true,,,,,false,,,,g,,,active
polymer-one-bundle,,,,,,,,Color,Black,Scent Collection,Designer,,,BDL-PLYB-DSN,0.0,shopify,20,deny,manual,269.99,379.97,true,true,,,,,false,,,,g,,,active
polymer-one-bundle,,,,,,,,,,,,,,,,,,,,,,,,,https://images.squarespace-cdn.com/content/v1/67da0c2c5d3b414ebdd380a0/5f0cb51e-4c52-4906-bfeb-7be8a6668e78/polymer+1+in+action.gif,1,"[Machine & Oils] Polymer One & Top Two Scent Bundle",,,,,,,,
polymer-one-bundle,,,,,,,,,,,,,,,,,,,,,,,,,https://images.squarespace-cdn.com/content/v1/67da0c2c5d3b414ebdd380a0/fed5f861-401a-4430-8a78-3cb208403982/polymer+1+screen.jpg,2,"[Machine & Oils] Polymer One & Top Two Scent Bundle",,,,,,,,
polymer-one-bundle,,,,,,,,,,,,,,,,,,,,,,,,,https://images.squarespace-cdn.com/content/v1/67da0c2c5d3b414ebdd380a0/dd5b2d31-c582-4831-89b3-fbc55cb286e3/polymer+1+in+action.gif,3,"[Machine & Oils] Polymer One & Top Two Scent Bundle",,,,,,,,
polymer-one-bundle,,,,,,,,,,,,,,,,,,,,,,,,,https://images.squarespace-cdn.com/content/v1/67da0c2c5d3b414ebdd380a0/cd582607-b639-4428-a1e6-606a357df3f4/polymer+1+black.png,4,"[Machine & Oils] Polymer One & Top Two Scent Bundle",,,,,,,,
polymer-one-bundle,,,,,,,,,,,,,,,,,,,,,,,,,https://images.squarespace-cdn.com/content/v1/67da0c2c5d3b414ebdd380a0/84d267cb-ea3e-453c-b72a-e257e4feb995/polymer+1+white.png,5,"[Machine & Oils] Polymer One & Top Two Scent Bundle",,,,,,,,
mobile-two-r4j4e-rlagb-y9wpx,"Polymer One & Guilded Exotics Bundle","<p style=""white-space:pre-wrap;"" data-rte-preserve-empty=""true"">Pair the Polymer One with a 500ml Gilded Exotics Collection scent<p style=""white-space:pre-wrap;"" data-rte-preserve-empty=""true"">Polymer One — up high, out of sight, all the scent.

Wall-hugging or shelf-sitting, this diffuser does both — with elegant confidence. A 400ml oil chamber and waterless diffusion deliver bold, undiluted fragrance that lingers like a whispered compliment.",Whiffed Aromas,,PHYSICAL,,false,Color,Black,Inspired Oil,LV Pacific Chill,,,SQ0075344,0.0,shopify,2,deny,manual,278.00,359.00,true,true,,,,,false,,,,g,,,draft
mobile-two-r4j4e-rlagb-y9wpx,,,,,,,,Color,White,Inspired Oil,LV Pacific Chill,,,SQ4759697,0.0,shopify,2,deny,manual,278.00,359.00,true,true,,,,,false,,,,g,,,draft
mobile-two-r4j4e-rlagb-y9wpx,,,,,,,,Color,Black,Inspired Oil,LV Imagination,,,SQ6420876,0.0,shopify,1,deny,manual,278.00,359.00,true,true,,,,,false,,,,g,,,draft
mobile-two-r4j4e-rlagb-y9wpx,,,,,,,,Color,White,Inspired Oil,LV Imagination,,,SQ5076705,0.0,shopify,2,deny,manual,278.00,359.00,true,true,,,,,false,,,,g,,,draft
mobile-two-r4j4e-rlagb-y9wpx,,,,,,,,Color,Black,Inspired Oil,LV Stellar,,,SQ0515626,0.0,shopify,1,deny,manual,278.00,359.00,true,true,,,,,false,,,,g,,,draft
mobile-two-r4j4e-rlagb-y9wpx,,,,,,,,Color,White,Inspired Oil,LV Stellar,,,SQ3662849,0.0,shopify,1,deny,manual,278.00,369.99,true,true,,,,,false,,,,g,,,draft
mobile-two-r4j4e-rlagb-y9wpx,,,,,,,,Color,Black,Inspired Oil,Dior Savauge,,,SQ1503768,0.0,shopify,1,deny,manual,278.00,369.99,true,true,,,,,false,,,,g,,,draft
mobile-two-r4j4e-rlagb-y9wpx,,,,,,,,Color,White,Inspired Oil,Dior Savauge,,,SQ2041869,0.0,shopify,1,deny,manual,278.00,369.99,true,true,,,,,false,,,,g,,,draft
mobile-two-r4j4e-rlagb-y9wpx,,,,,,,,Color,Black,Inspired Oil,YSL Tuxedo,,,SQ0750385,0.0,shopify,1,deny,manual,278.00,369.99,true,true,,,,,false,,,,g,,,draft
mobile-two-r4j4e-rlagb-y9wpx,,,,,,,,Color,White,Inspired Oil,YSL Tuxedo,,,SQ7362746,0.0,shopify,1,deny,manual,278.00,369.99,true,true,,,,,false,,,,g,,,draft
mobile-two-r4j4e-rlagb-y9wpx,,,,,,,,Color,Black,Inspired Oil,Lé Labo Noir 29,,,SQ4754132,0.0,shopify,1,deny,manual,278.00,369.99,true,true,,,,,false,,,,g,,,draft
mobile-two-r4j4e-rlagb-y9wpx,,,,,,,,Color,White,Inspired Oil,Lé Labo Noir 29,,,SQ1737998,0.0,shopify,1,deny,manual,278.00,369.99,true,true,,,,,false,,,,g,,,draft
mobile-two-r4j4e-rlagb-y9wpx,,,,,,,,Color,Black,Inspired Oil,Tom Ford Ombré Leather,,,SQ1028764,0.0,shopify,1,deny,manual,278.00,369.99,true,true,,,,,false,,,,g,,,draft
mobile-two-r4j4e-rlagb-y9wpx,,,,,,,,Color,White,Inspired Oil,Tom Ford Ombré Leather,,,SQ8861332,0.0,shopify,1,deny,manual,278.00,369.99,true,true,,,,,false,,,,g,,,draft
mobile-two-r4j4e-rlagb-y9wpx,,,,,,,,Color,Black,Inspired Oil,D&G Homme Light Blue,,,SQ6728541,0.0,shopify,1,deny,manual,278.00,369.99,true,true,,,,,false,,,,g,,,draft
mobile-two-r4j4e-rlagb-y9wpx,,,,,,,,Color,White,Inspired Oil,D&G Homme Light Blue,,,SQ9157617,0.0,shopify,1,deny,manual,266.00,359.00,true,true,,,,,false,,,,g,,,draft
mobile-two-r4j4e-rlagb-y9wpx,,,,,,,,,,,,,,,,,,,,,,,,,https://images.squarespace-cdn.com/content/v1/67da0c2c5d3b414ebdd380a0/887a8a34-4749-4eee-95ae-dc3a5dfb3411/polymer+1+white.png,1,Polymer One & Guilded Exotics Bundle,,,,,,,,
mobile-two-r4j4e-rlagb-y9wpx,,,,,,,,,,,,,,,,,,,,,,,,,https://images.squarespace-cdn.com/content/v1/67da0c2c5d3b414ebdd380a0/21c29188-156b-4a53-b77f-8f7bcde8a00e/polymer+1+black.png,2,Polymer One & Guilded Exotics Bundle,,,,,,,,
mobile-two-r4j4e-y3yxt,"Mobile Two & Gilded Exotics Bundle","<p style=""white-space:pre-wrap;"" data-rte-preserve-empty=""true"">The Mobile Two comes with a 10ml Gilded Exotics Collection scent. <p class=""preFade fadeIn"" style=""white-space:pre-wrap;"" data-rte-preserve-empty=""true"">Say hello to the Mobile Two Portable Scent Diffuser — your on-the-go whiffer built for the road, the ride, and wherever life takes you. Car? Airbnb? Tiny hotel room with mysterious smells? Handled.<p class=""preFade fadeIn"" style=""white-space:pre-wrap;"" data-rte-preserve-empty=""true"">Made from high-quality aluminum and with a built-in working timer (up to 4 hours), it’s sleek, quiet, and compact enough to slip into your car cup holder or desktop; it’s always ready to roll. Whether you’re chasing zen on a long commute, need a scent to relax you during the work day, or want to bring spa vibes to your suitcase, Mobile Two keeps your air as fresh as your playlist.",Whiffed Aromas,,PHYSICAL,,false,Color,Silver,Inspired Oil,LV Pacific Chill,,,SQ5272512,0.0,shopify,0,deny,manual,94.99,148.00,true,true,,,,,false,,,,g,,,draft
mobile-two-r4j4e-y3yxt,,,,,,,,Color,Silver,Inspired Oil,LV Imagination,,,SQ1335815,0.0,shopify,0,deny,manual,94.99,148.00,true,true,,,,,false,,,,g,,,draft
mobile-two-r4j4e-y3yxt,,,,,,,,Color,Black,Inspired Oil,LV Imagination,,,SQ2144004,0.0,shopify,0,deny,manual,94.99,148.00,true,true,,,,,false,,,,g,,,draft
mobile-two-r4j4e-y3yxt,,,,,,,,Color,Silver,Inspired Oil,LV Stellar,,,SQ8212165,0.0,shopify,0,deny,manual,94.99,148.00,true,true,,,,,false,,,,g,,,draft
mobile-two-r4j4e-y3yxt,,,,,,,,Color,Silver,Inspired Oil,Dior Savauge,,,SQ3762243,0.0,shopify,1,deny,manual,94.99,148.00,true,true,,,,,false,,,,g,,,draft
mobile-two-r4j4e-y3yxt,,,,,,,,Color,Black,Inspired Oil,Dior Savauge,,,SQ1668643,0.0,shopify,0,deny,manual,94.99,148.00,true,true,,,,,false,,,,g,,,draft
mobile-two-r4j4e-y3yxt,,,,,,,,Color,Silver,Inspired Oil,YSL Tuxedo,,,SQ0041750,0.0,shopify,1,deny,manual,94.99,148.00,true,true,,,,,false,,,,g,,,draft
mobile-two-r4j4e-y3yxt,,,,,,,,,,,,,,,,,,,,,,,,,https://images.squarespace-cdn.com/content/v1/67da0c2c5d3b414ebdd380a0/1abb8e6e-646f-40df-9d45-571ed1ef6391/IMG_1744.jpg,1,"Mobile Two & Gilded Exotics Bundle",,,,,,,,
mobile-two-r4j4e-y3yxt,,,,,,,,,,,,,,,,,,,,,,,,,https://images.squarespace-cdn.com/content/v1/67da0c2c5d3b414ebdd380a0/5dd3651a-3a9a-4d97-9671-372fe23d42e2/whiff+car+black.jpg,2,"Mobile Two & Gilded Exotics Bundle",,,,,,,,
mobile-two-r4j4e-rlagb-agt96-7kkhl,"Fusion 500 & Gilded Exotics Scent Bundle (Limited Inventory)","<p style=""white-space:pre-wrap;"" data-rte-preserve-empty=""true"">Pair the Fusion 500 with top scents from our <a href=""/gilded-exotics"">Gilded Exotics collection. Comes with your choice of one, 500ml scent from the collection, inspired by your favorite luxury scents.<p style=""white-space:pre-wrap;"" data-rte-preserve-empty=""true"">The Gilded Exotics Collection are oils sourced from Switzerland and crafted in the Emirates — it’s the highest expression of cold air diffusion oils, made for Whiffed Aromas.<p style=""white-space:pre-wrap;"" data-rte-preserve-empty=""true"">The Fusion 200 — the sleek, silent seducer everyone in your space will ask about.

Mounts to your wall or HVAC to fill your space with pure, waterless scent. Control it via Bluetooth to schedule and adjust with ease. With a 200 mL oil tank, whisper-quiet motor (<38 dB), and tamper-proof lock, it’s perfect for homes or boutiques. Smart, sleek, and made to make your air irresistible.<ul data-rte-list=""true""><p class=""preFade fadeIn"" style=""white-space:pre-wrap;"" data-rte-preserve-empty=""true"">Impressive aluminum and polymer body<p class=""preFade fadeIn"" style=""white-space:pre-wrap;"" data-rte-preserve-empty=""true"">500ml capacity<p class=""preFade fadeIn"" style=""white-space:pre-wrap;"" data-rte-preserve-empty=""true"">App control<p class=""preFade fadeIn"" style=""white-space:pre-wrap;"" data-rte-preserve-empty=""true"">Unique magnetic card lock system<p class=""preFade fadeIn"" style=""white-space:pre-wrap;"" data-rte-preserve-empty=""true"">Dimensions: 11"" x 5.1"" x 13.9""<p class=""preFade fadeIn"" style=""white-space:pre-wrap;"" data-rte-preserve-empty=""true"">Weight: 10 lbs",Whiffed Aromas,,PHYSICAL,,false,Color,Black,Inspired by oil,LV Pacific Chill,,,SQ4073030,0.0,shopify,1,deny,manual,619.99,909.00,true,true,,,,,false,,,,g,,,draft
mobile-two-r4j4e-rlagb-agt96-7kkhl,,,,,,,,Color,White,Inspired by oil,LV Pacific Chill,,,SQ5783584,0.0,shopify,2,deny,manual,619.99,619.99,true,true,,,,,false,,,,g,,,draft
mobile-two-r4j4e-rlagb-agt96-7kkhl,,,,,,,,Color,Black,Inspired by oil,LV Stellar,,,SQ1275788,0.0,shopify,1,deny,manual,619.99,909.00,true,true,,,,,false,,,,g,,,draft
mobile-two-r4j4e-rlagb-agt96-7kkhl,,,,,,,,Color,White,Inspired by oil,LV Stellar,,,SQ5643312,0.0,shopify,2,deny,manual,619.99,909.00,true,true,,,,,false,,,,g,,,draft
mobile-two-r4j4e-rlagb-agt96-7kkhl,,,,,,,,Color,Black,Inspired by oil,Dior Savauge,,,SQ0431715,0.0,shopify,1,deny,manual,619.99,909.00,true,true,,,,,false,,,,g,,,draft
mobile-two-r4j4e-rlagb-agt96-7kkhl,,,,,,,,Color,White,Inspired by oil,Dior Savauge,,,SQ5737200,0.0,shopify,2,deny,manual,619.99,909.00,true,true,,,,,false,,,,g,,,draft
mobile-two-r4j4e-rlagb-agt96-7kkhl,,,,,,,,Color,Black,Inspired by oil,YSL Tuxedo,,,SQ1472115,0.0,shopify,2,deny,manual,619.99,909.00,true,true,,,,,false,,,,g,,,draft
mobile-two-r4j4e-rlagb-agt96-7kkhl,,,,,,,,Color,White,Inspired by oil,YSL Tuxedo,,,SQ0175770,0.0,shopify,2,deny,manual,619.99,909.00,true,true,,,,,false,,,,g,,,draft
mobile-two-r4j4e-rlagb-agt96-7kkhl,,,,,,,,Color,Black,Inspired by oil,Tom Ford Ombré,,,SQ2258603,0.0,shopify,2,deny,manual,619.99,909.00,true,true,,,,,false,,,,g,,,draft
mobile-two-r4j4e-rlagb-agt96-7kkhl,,,,,,,,Color,White,Inspired by oil,Tom Ford Ombré,,,SQ7317535,0.0,shopify,0,deny,manual,619.99,909.00,true,true,,,,,false,,,,g,,,draft
mobile-two-r4j4e-rlagb-agt96-7kkhl,,,,,,,,,,,,,,,,,,,,,,,,,https://images.squarespace-cdn.com/content/v1/67da0c2c5d3b414ebdd380a0/bb361d89-fe86-49a5-aeb0-cd38e6c42ac9/Fusion+200.jpg,1,"Fusion 500 & Gilded Exotics Scent Bundle (Limited Inventory)",,,,,,,,
twosome-bundle,"[Machine & Oils] Twosome & Top Two Scent Bundle","<h4 style=""white-space:pre-wrap;"" data-rte-preserve-empty=""true"">Black Friday Warmup: Beat the rush! Get 40% off now + an extra 15% off automatically at checkout.<ul data-rte-list=""true""><p style=""white-space:pre-wrap;"" data-rte-preserve-empty=""true"">Comes with two, 100ml bottles of our most popular oils from the<a href=""/substances-oils/hotels-and-resorts-collection""> Hotel & Resorts, <a href=""/substances-oils/designer-inspired-collection"">Designer, or <a href=""/substances-oils/gilded-exotics-collection"">Gilded Exotics Collection.<p style=""white-space:pre-wrap;"" data-rte-preserve-empty=""true"">Rechargeable, aluminum body<p style=""white-space:pre-wrap;"" data-rte-preserve-empty=""true"">Two diffuser nozzles for up to two different scents.<p style=""white-space:pre-wrap;"" data-rte-preserve-empty=""true"">App control and onboard controls. Scents ~700 sq.ft.<p style=""white-space:pre-wrap;"" data-rte-preserve-empty=""true"">Twosome — two nozzles, one mission, total scent domination. Choose to have the same scent in both containers or two different scents and alternate based on your mood.<p style=""white-space:pre-wrap;"" data-rte-preserve-empty=""true"">This sleek little seducer doesn’t mist around. The Double Whiff, with two 50ml diffusers, delivers pure, undiluted fragrance from both ends — because sometimes one just isn’t enough. No water. No drama. Just bold, beautiful scenting at the push of a button.<p style=""white-space:pre-wrap;"" data-rte-preserve-empty=""true"">Whether you’re dressing up a spa, a studio, or your scandalously good-smelling living room, this diffuser is here to serve double the vibes in half the effort.",Whiffed Aromas,,PHYSICAL,/machine-and-oils,true,Color,Silver,Scent Collection,Hotel,,,BDL-TWOS-HTL,0.0,shopify,19,deny,manual,224.99,379.98,true,true,,,,,false,,,,g,,,active
twosome-bundle,,,,,,,,Color,Silver,Scent Collection,Gilded Exotics,,,BDL-TWOS-GE,0.0,shopify,10,deny,manual,224.99,379.98,true,true,,,,,false,,,,g,,,active
twosome-bundle,,,,,,,,Color,Silver,Scent Collection,Designer,,,BDL-TWOS-DSN,0.0,shopify,20,deny,manual,224.99,379.98,true,true,,,,,false,,,,g,,,active
twosome-bundle,,,,,,,,Color,Black,Scent Collection,Hotel,,,BDL-TWOB-HTL,0.0,shopify,20,deny,manual,224.99,379.98,true,true,,,,,false,,,,g,,,active
twosome-bundle,,,,,,,,Color,Black,Scent Collection,Gilded Exotics,,,BDL-TWOB-GE,0.0,shopify,10,deny,manual,224.99,379.98,true,true,,,,,false,,,,g,,,active
twosome-bundle,,,,,,,,Color,Black,Scent Collection,Designer,,,BDL-TWOB-DSN,0.0,shopify,20,deny,manual,224.99,379.98,true,true,,,,,false,,,,g,,,active
twosome-bundle,,,,,,,,,,,,,,,,,,,,,,,,,https://images.squarespace-cdn.com/content/v1/67da0c2c5d3b414ebdd380a0/7b5f09e4-adee-47da-9519-dc4b110275f6/twosome+diffusing+in+action.gif,1,"[Machine & Oils] Twosome & Top Two Scent Bundle",,,,,,,,
twosome-bundle,,,,,,,,,,,,,,,,,,,,,,,,,https://images.squarespace-cdn.com/content/v1/67da0c2c5d3b414ebdd380a0/2e3a449d-41bf-4716-b266-d0041bb7d8f1/twosome+living+room.jpeg,2,"[Machine & Oils] Twosome & Top Two Scent Bundle",,,,,,,,
twosome-bundle,,,,,,,,,,,,,,,,,,,,,,,,,https://images.squarespace-cdn.com/content/v1/67da0c2c5d3b414ebdd380a0/243076d5-1822-4c62-b2e8-7e4f2970c724/twosome+silver.jpeg,3,"[Machine & Oils] Twosome & Top Two Scent Bundle",,,,,,,,
twosome-bundle,,,,,,,,,,,,,,,,,,,,,,,,,https://images.squarespace-cdn.com/content/v1/67da0c2c5d3b414ebdd380a0/e8d3b88d-c518-4bac-a8ed-3186e4be99b1/twosome+black.jpeg,4,"[Machine & Oils] Twosome & Top Two Scent Bundle",,,,,,,,
twosome-bundle,,,,,,,,,,,,,,,,,,,,,,,,,https://images.squarespace-cdn.com/content/v1/67da0c2c5d3b414ebdd380a0/f7072af0-3b9f-49bd-bf7d-69696e16050d/Twosome+black+sand.jpeg,5,"[Machine & Oils] Twosome & Top Two Scent Bundle",,,,,,,,
mobile-two-bundle,"[Machine & Oils] Mobile Two & Top Two Scent Bundle","<h4 style=""white-space:pre-wrap;"" data-rte-preserve-empty=""true"">Black Friday Warmup: Beat the rush! Get 45% off now + an extra 15% off automatically at checkout.<ul data-rte-list=""true""><p style=""white-space:pre-wrap;"" data-rte-preserve-empty=""true"">.Comes with two, 10ml bottles, of our most popular, IFRA-Certified <a href=""/substances-oils/hotels-and-resorts-collection"">Hotel & Resorts, <a href=""/substances-oils/gilded-exotics-collection"">Gilded Exotics, or <a href=""/substances-oils/designer-inspired-collection"">Designer collection scents. We pick so you can relax.<p style=""white-space:pre-wrap;"" data-rte-preserve-empty=""true"">Rechargeable, all aluminum body.<p style=""white-space:pre-wrap;"" data-rte-preserve-empty=""true"">Car (auto) and Home (timer) mode with timer options.<p style=""white-space:pre-wrap;"" data-rte-preserve-empty=""true"">Set it and forget it Car mode. Automatically starts/stops diffusing based on motion.<p style=""white-space:pre-wrap;"" data-rte-preserve-empty=""true"">10ml bottle can last ~2 months on High setting if driving ~30 minutes per day.<p style=""white-space:pre-wrap;"" data-rte-preserve-empty=""true"">Say hello to the Mobile Two Portable Scent Diffuser — your on-the-go whiffer built for the road, the ride, and wherever life takes you. Car? Airbnb? Tiny hotel room with mysterious smells? Handled.<p class=""preFade fadeIn"" style=""white-space:pre-wrap;"" data-rte-preserve-empty=""true"">Made from high-quality aluminum and, it’s sleek, quiet, and compact enough to slip into your car cup holder or desktop; it’s always ready to roll. Whether you’re chasing zen on a long commute, need a scent to relax you during the work day, or want to bring spa vibes to your suitcase, Mobile Two keeps your air as fresh as your playlist.",Whiffed Aromas,,PHYSICAL,/machine-and-oils,true,Color,Silver,Scent Collection,Hotel,,,BDL-MB2S-HTL,0.0,shopify,15,deny,manual,89.99,168.99,true,true,,,,,false,,,,g,,,active
mobile-two-bundle,,,,,,,,Color,Silver,Scent Collection,Gilded Exotics,,,BDL-MB2S-GE,0.0,shopify,15,deny,manual,89.99,168.99,true,true,,,,,false,,,,g,,,active
mobile-two-bundle,,,,,,,,Color,Silver,Scent Collection,Designer,,,BDL-MB2S-DSN,0.0,shopify,13,deny,manual,89.99,168.99,true,true,,,,,false,,,,g,,,active
mobile-two-bundle,,,,,,,,Color,Black,Scent Collection,Hotel,,,BDL-MB2B-HTL,0.0,shopify,13,deny,manual,89.99,168.99,true,true,,,,,false,,,,g,,,active
mobile-two-bundle,,,,,,,,Color,Black,Scent Collection,Gilded Exotics,,,BDL-MB2B-GE,0.0,shopify,14,deny,manual,89.99,168.99,true,true,,,,,false,,,,g,,,active
mobile-two-bundle,,,,,,,,Color,Black,Scent Collection,Designer,,,BDL-MB2B-DSN,0.0,shopify,13,deny,manual,89.99,168.99,true,true,,,,,false,,,,g,,,active
mobile-two-bundle,,,,,,,,,,,,,,,,,,,,,,,,,https://images.squarespace-cdn.com/content/v1/67da0c2c5d3b414ebdd380a0/8db2e8ed-0b3b-4d7e-868d-0a61e1d557ce/mobile+two+tabletop.jpg,1,"[Machine & Oils] Mobile Two & Top Two Scent Bundle",,,,,,,,
mobile-two-bundle,,,,,,,,,,,,,,,,,,,,,,,,,https://images.squarespace-cdn.com/content/v1/67da0c2c5d3b414ebdd380a0/80ea8704-2661-4fc5-90de-c53d18d0d9a9/mobile+two+.gif,2,"[Machine & Oils] Mobile Two & Top Two Scent Bundle",,,,,,,,
mobile-two-bundle,,,,,,,,,,,,,,,,,,,,,,,,,https://images.squarespace-cdn.com/content/v1/67da0c2c5d3b414ebdd380a0/5dd3651a-3a9a-4d97-9671-372fe23d42e2/whiff+car+black.jpg,3,"[Machine & Oils] Mobile Two & Top Two Scent Bundle",,,,,,,,
mobile-two-bundle,,,,,,,,,,,,,,,,,,,,,,,,,https://images.squarespace-cdn.com/content/v1/67da0c2c5d3b414ebdd380a0/2283815e-973e-42b5-8d07-569140f7b292/whiff+car+aluminum.jpg,4,"[Machine & Oils] Mobile Two & Top Two Scent Bundle",,,,,,,,
top-two-designer-bundle,"[Oils] Top Two Designer Scent Bundle","<p style=""white-space:pre-wrap;"" data-rte-preserve-empty=""true"">Don’t stress selecting the best scent (they’re all amazing!). Instead, allow us to pick for you based on popular scents from the collection.<p style=""white-space:pre-wrap;"" data-rte-preserve-empty=""true"">Indulge in fragrance luxury with Whiffed Aromas <a href=""/substances-oils/designer-inspired-collection"">Designer-Inspired Collection — where scents from your favorite designer meets everyday ambiance elegance. Each oil in our curated lineup captures the essence of high-end designer perfumes. Potent, IFRA-certified, and crafted with clean, high-quality ingredients — no synthetic fillers, just authentic aromatic artistry.<p style=""white-space:pre-wrap;"" data-rte-preserve-empty=""true"">From woodsy & musky whispers to vibrant citrus or lush florals — there’s a scent to match your mood, your space, or your style. Every blend is designed to diffuse beautifully through any Whiffed Aromas machine, creating an immersive, upscale atmosphere in your home, office, car, or beyond.<p style=""white-space:pre-wrap;"" data-rte-preserve-empty=""true"">Let us help you decide which bottle size to select based on the Whiff Maker [Diffuser] model.<ul data-rte-list=""true""><p class=""preFade fadeIn"" style=""white-space:pre-wrap;"" data-rte-preserve-empty=""true"">10ml: Perfect size for <a href=""/machines-diffusers/p/mobile-one"">Mobile One or <a href=""/machines-diffusers/p/mobile-two"">Mobile Two<p class=""preFade fadeIn"" style=""white-space:pre-wrap;"" data-rte-preserve-empty=""true"">150ml: Works for either <a href=""/machines-diffusers/p/fusion-200"">Fusion 200 (200ml) or <a href=""/machines-diffusers/p/twosome"">Twosome (100ml).<p class=""preFade fadeIn"" style=""white-space:pre-wrap;"" data-rte-preserve-empty=""true"">500ml: Fills up <a href=""/machines-diffusers/p/fusion-500"">Fusion 500 (500ml) and <a href=""/machines-diffusers/p/polymer-one"">Polymer One (400ml) to satisfaction, with more left for later.<p class=""preFade fadeIn"" style=""white-space:pre-wrap;"" data-rte-preserve-empty=""true"">View a complete list of all machines <a href=""/machines-by-space-size"">here.",Whiffed Aromas,,PHYSICAL,/oil-bundle,true,Size,10ml,,,,,BDL-OIL-DSN10,0.0,, ,deny,manual,29.98,49.98,true,true,,,,,false,,,,g,,,active
top-two-designer-bundle,,,,,,,,Size,100ml,,,,,BDL-OIL-DSN100,0.0,, ,deny,manual,109.98,149.98,true,true,,,,,false,,,,g,,,active
top-two-designer-bundle,,,,,,,,Size,150ml,,,,,BDL-OIL-DSN150,0.0,, ,deny,manual,129.98,169.68,true,true,,,,,false,,,,g,,,active
top-two-designer-bundle,,,,,,,,Size,500ml,,,,,BDL-OIL-DSN500,0.0,, ,deny,manual,189.98,249.98,true,true,,,,,false,,,,g,,,active
top-two-designer-bundle,,,,,,,,,,,,,,,,,,,,,,,,,https://images.squarespace-cdn.com/content/v1/67da0c2c5d3b414ebdd380a0/1754602101123-B24CAE08EGCXOP66MD4U/391E3993-4F5D-4ACC-9ED0-2E6AA9BD44B6.jpeg,1,"[Oils] Top Two Designer Scent Bundle",,,,,,,,
top-two-designer-bundle,,,,,,,,,,,,,,,,,,,,,,,,,https://images.squarespace-cdn.com/content/v1/67da0c2c5d3b414ebdd380a0/338da517-e193-49cc-8c51-19c32af3caf2/sweet+on+arrival+bottle.jpeg,2,"[Oils] Top Two Designer Scent Bundle",,,,,,,,
top-two-designer-bundle,,,,,,,,,,,,,,,,,,,,,,,,,https://images.squarespace-cdn.com/content/v1/67da0c2c5d3b414ebdd380a0/a8f6a1d1-bfdc-484e-a6b2-cfc24903504e/glacial+intent+bottle.jpeg,3,"[Oils] Top Two Designer Scent Bundle",,,,,,,,
top-two-designer-bundle,,,,,,,,,,,,,,,,,,,,,,,,,https://images.squarespace-cdn.com/content/v1/67da0c2c5d3b414ebdd380a0/14634ab4-e406-4142-a6e5-707b82feffa5/peel+me+later+bottle.jpeg,4,"[Oils] Top Two Designer Scent Bundle",,,,,,,,
top-two-designer-bundle,,,,,,,,,,,,,,,,,,,,,,,,,https://images.squarespace-cdn.com/content/v1/67da0c2c5d3b414ebdd380a0/0db66cd7-d398-4490-bcd4-5e829441f792/big+d+bottle.jpeg,5,"[Oils] Top Two Designer Scent Bundle",,,,,,,,
top-two-designer-bundle,,,,,,,,,,,,,,,,,,,,,,,,,https://images.squarespace-cdn.com/content/v1/67da0c2c5d3b414ebdd380a0/cb379d22-25c2-47cb-ad8c-dd9808c5c8c4/the+influencer+bottle.jpeg,6,"[Oils] Top Two Designer Scent Bundle",,,,,,,,
top-two-gilded-exotics-bundle,"[Oils] Top Two Gilded Exotics Scent Bundle","<p style=""white-space:pre-wrap;"" data-rte-preserve-empty=""true"">Don’t stress selecting the best scent (they’re all amazing!). Instead, allow us to pick for you based on popular scents from the collection.<p style=""white-space:pre-wrap;"" data-rte-preserve-empty=""true"">Step into an elevated world of scent with the <a href=""/gilded-exotics"">Gilded Exotics Collection, exclusively from Whiffed Aromas. These are not just fragrance oils—they’re luxury perfume oils sourced from Switzerland, masterfully reformulated in the Emirates for the air. Every note is thoughtfully reimagined to bring you designer-level sophistication, refined richness, and bold aroma — without compromise.<p style=""white-space:pre-wrap;"" data-rte-preserve-empty=""true"">Each scent in the Gilded Exotics line is tailored to work seamlessly with any Whiffed Aromas diffuser. Whether you favor deep woody musk, radiant florals, or something daringly exotic, this collection delivers. Expect clarity in the high notes, fullness in the heart, and a lasting finish that transforms your space into something unforgettable.<p style=""white-space:pre-wrap;"" data-rte-preserve-empty=""true"">Because you deserve to smell exceptional—your environment should keep up and let your space tell your story.<p style=""white-space:pre-wrap;"" data-rte-preserve-empty=""true"">Let us help you decide which bottle size to select based on the Whiff Maker [Diffuser] model.<ul data-rte-list=""true""><p class=""preFade fadeIn"" style=""white-space:pre-wrap;"" data-rte-preserve-empty=""true"">10ml: Perfect size for <a href=""/machines-diffusers/p/mobile-one"">Mobile One or <a href=""/machines-diffusers/p/mobile-two"">Mobile Two<p class=""preFade fadeIn"" style=""white-space:pre-wrap;"" data-rte-preserve-empty=""true"">150ml: Works for either <a href=""/machines-diffusers/p/fusion-200"">Fusion 200 (200ml) or <a href=""/machines-diffusers/p/twosome"">Twosome (100ml).<p class=""preFade fadeIn"" style=""white-space:pre-wrap;"" data-rte-preserve-empty=""true"">500ml: Fills up <a href=""/machines-diffusers/p/fusion-500"">Fusion 500 (500ml) and <a href=""/machines-diffusers/p/polymer-one"">Polymer One (400ml) to satisfaction, with more left for later.<p class=""preFade fadeIn"" style=""white-space:pre-wrap;"" data-rte-preserve-empty=""true"">View a complete list of all machines <a href=""/machines-by-space-size"">here.",Whiffed Aromas,,PHYSICAL,/oil-bundle,true,Size,10ml,,,,,BDL-OIL-GLD10,0.0,, ,deny,manual,29.98,49.98,true,true,,,,,false,,,,g,,,active
top-two-gilded-exotics-bundle,,,,,,,,Size,100ml,,,,,BDL-OIL-GLD100,0.0,, ,deny,manual,109.98,149.98,true,true,,,,,false,,,,g,,,active
top-two-gilded-exotics-bundle,,,,,,,,Size,150ml,,,,,BDL-OIL-GLD150,0.0,, ,deny,manual,129.98,169.68,true,true,,,,,false,,,,g,,,active
top-two-gilded-exotics-bundle,,,,,,,,Size,500ml,,,,,BDL-OIL-GLD500,0.0,, ,deny,manual,258.00,319.98,true,true,,,,,false,,,,g,,,active
top-two-gilded-exotics-bundle,,,,,,,,,,,,,,,,,,,,,,,,,https://images.squarespace-cdn.com/content/v1/67da0c2c5d3b414ebdd380a0/5df14280-9504-46d9-b008-1d9f9b97f108/velvet+vice+bottle.jpeg,1,"[Oils] Top Two Gilded Exotics Scent Bundle",,,,,,,,
top-two-gilded-exotics-bundle,,,,,,,,,,,,,,,,,,,,,,,,,https://images.squarespace-cdn.com/content/v1/67da0c2c5d3b414ebdd380a0/b79fa117-1635-4e0e-af85-f8b02508882d/musk+have+it+bottle.jpeg,2,"[Oils] Top Two Gilded Exotics Scent Bundle",,,,,,,,
top-two-gilded-exotics-bundle,,,,,,,,,,,,,,,,,,,,,,,,,https://images.squarespace-cdn.com/content/v1/67da0c2c5d3b414ebdd380a0/c8ec1788-6fcd-4474-98a7-e845bb78d690/saint+%26+sinner+bottle.jpeg,3,"[Oils] Top Two Gilded Exotics Scent Bundle",,,,,,,,
top-two-gilded-exotics-bundle,,,,,,,,,,,,,,,,,,,,,,,,,https://images.squarespace-cdn.com/content/v1/67da0c2c5d3b414ebdd380a0/db199f08-28bd-4fbb-bf13-2f0b340dfe7b/juicy+ theory+bottle.jpeg,4,"[Oils] Top Two Gilded Exotics Scent Bundle",,,,,,,,
top-two-gilded-exotics-bundle,,,,,,,,,,,,,,,,,,,,,,,,,https://images.squarespace-cdn.com/content/v1/67da0c2c5d3b414ebdd380a0/eb6fda56-27e6-4d9e-bc48-6614b9484017/On+Par+bottle.jpeg,5,"[Oils] Top Two Gilded Exotics Scent Bundle",,,,,,,,
top-two-gilded-exotics-bundle,,,,,,,,,,,,,,,,,,,,,,,,,https://images.squarespace-cdn.com/content/v1/67da0c2c5d3b414ebdd380a0/c539a070-afeb-4cfb-a2eb-774acc4ab7ff/celestial+mischief+bottle.jpeg,6,"[Oils] Top Two Gilded Exotics Scent Bundle",,,,,,,,
top-two-hotel-and-resorts-bundle,"[Oils] Top Two Hotel & Resorts Scent Bundle","<p style=""white-space:pre-wrap;"" data-rte-preserve-empty=""true"">Don’t stress selecting the best scent (they’re all amazing!). Instead, allow us to pick for you based on popular scents from the collection.<p style=""white-space:pre-wrap;"" data-rte-preserve-empty=""true"">The <a href=""/substances-oils/hotels-and-resorts-collection"">Hotels & Resorts Collection — Designed for the senses, these scents are ideal for those seeking a curated fragrance profile that matches the elegance of resorts and boutique hotels. Whether you’re setting the tone in your lobby, guest room, spa, or simply want to recreate that resort-caliber atmosphere at home, these oils deliver. With options in light, fresh, floral, fruit, woods, musk, leather, and more, you’ll find something to transport you directly to tranquil vistas, ocean breezes, or golden hour in lush gardens. <p style=""white-space:pre-wrap;"" data-rte-preserve-empty=""true"">Let us help you decide which bottle size to select based on the Whiff Maker [Diffuser] model.<ul data-rte-list=""true""><p class=""preFade fadeIn"" style=""white-space:pre-wrap;"" data-rte-preserve-empty=""true"">10ml: Perfect size for <a href=""/machines-diffusers/p/mobile-one"">Mobile One or <a href=""/machines-diffusers/p/mobile-two"">Mobile Two<p class=""preFade fadeIn"" style=""white-space:pre-wrap;"" data-rte-preserve-empty=""true"">150ml: Works for either <a href=""/machines-diffusers/p/fusion-200"">Fusion 200 (200ml) or <a href=""/machines-diffusers/p/twosome"">Twosome (100ml).<p class=""preFade fadeIn"" style=""white-space:pre-wrap;"" data-rte-preserve-empty=""true"">500ml: Fills up <a href=""/machines-diffusers/p/fusion-500"">Fusion 500 (500ml) and <a href=""/machines-diffusers/p/polymer-one"">Polymer One (400ml) to satisfaction, with more left for later.<p class=""preFade fadeIn"" style=""white-space:pre-wrap;"" data-rte-preserve-empty=""true"">View a complete list of all machines <a href=""/machines-by-space-size"">here.",Whiffed Aromas,,PHYSICAL,/oil-bundle,true,Size,10ml,,,,,SQ4003257,0.0,, ,deny,manual,29.98,49.98,true,true,,,,,false,,,,g,,,active
top-two-hotel-and-resorts-bundle,,,,,,,,Size,100ml,,,,,SQ5400676,0.0,, ,deny,manual,109.98,149.98,true,true,,,,,false,,,,g,,,active
top-two-hotel-and-resorts-bundle,,,,,,,,Size,150ml,,,,,SQ5212165,0.0,, ,deny,manual,129.98,169.68,true,true,,,,,false,,,,g,,,active
top-two-hotel-and-resorts-bundle,,,,,,,,Size,500ml,,,,,SQ2646405,0.0,, ,deny,manual,189.98,249.98,true,true,,,,,false,,,,g,,,active
top-two-hotel-and-resorts-bundle,,,,,,,,,,,,,,,,,,,,,,,,,https://images.squarespace-cdn.com/content/v1/67da0c2c5d3b414ebdd380a0/fbf00afb-a4c0-4a01-8dde-2f1d4e126a03/zest+%26+the+city+bottle.jpeg,1,"[Oils] Top Two Hotel & Resorts Scent Bundle",,,,,,,,
top-two-hotel-and-resorts-bundle,,,,,,,,,,,,,,,,,,,,,,,,,https://images.squarespace-cdn.com/content/v1/67da0c2c5d3b414ebdd380a0/39ee9243-19fc-40e2-aa61-a6e70f595df2/citrus+seduction+bottle.jpeg,2,"[Oils] Top Two Hotel & Resorts Scent Bundle",,,,,,,,
top-two-hotel-and-resorts-bundle,,,,,,,,,,,,,,,,,,,,,,,,,https://images.squarespace-cdn.com/content/v1/67da0c2c5d3b414ebdd380a0/ea8ccaa0-c4bc-47c9-a1da-f605d87708b0/minted+in+manhattan+bottle.jpeg,3,"[Oils] Top Two Hotel & Resorts Scent Bundle",,,,,,,,
top-two-hotel-and-resorts-bundle,,,,,,,,,,,,,,,,,,,,,,,,,https://images.squarespace-cdn.com/content/v1/67da0c2c5d3b414ebdd380a0/2a94aa88-aa2d-4d81-b5f5-3c061c3b755e/blooking+flirt+bottle.jpeg,4,"[Oils] Top Two Hotel & Resorts Scent Bundle",,,,,,,,
top-two-hotel-and-resorts-bundle,,,,,,,,,,,,,,,,,,,,,,,,,https://images.squarespace-cdn.com/content/v1/67da0c2c5d3b414ebdd380a0/d2d9eb14-fe75-4d5c-b5c4-ab7171a02d8b/clare%27s+secrets.jpeg,5,"[Oils] Top Two Hotel & Resorts Scent Bundle",,,,,,,,
top-two-hotel-and-resorts-bundle,,,,,,,,,,,,,,,,,,,,,,,,,https://images.squarespace-cdn.com/content/v1/67da0c2c5d3b414ebdd380a0/deac7590-552a-4484-bece-43ede4549373/team+%26+temptation+bottle.jpeg,6,"[Oils] Top Two Hotel & Resorts Scent Bundle",,,,,,,,